,date,ML2,ADM0_EN,ADM1_EN,ADM2_EN
0,2009-07-01,1.0,Malawi,Southern,Balaka
1,2009-07-01,1.0,Malawi,Southern,Blantyre
2,2009-07-01,1.0,Malawi,Southern,Blantyre City
32,2009-07-01,2.0,Malawi,Southern,Chikwawa
4,2009-07-01,1.0,Malawi,Southern,Chiradzulu
5,2009-07-01,1.0,Malawi,Northern,Chitipa
6,2009-07-01,1.0,Malawi,Central,Dedza
7,2009-07-01,1.0,Malawi,Central,Dowa
8,2009-07-01,1.0,Malawi,Northern,Karonga
9,2009-07-01,1.0,Malawi,Central,Kasungu
10,2009-07-01,1.0,Malawi,Central,Lilongwe
11,2009-07-01,1.0,Malawi,Central,Lilongwe City
12,2009-07-01,1.0,Malawi,Southern,Machinga
13,2009-07-01,1.0,Malawi,Southern,Mangochi
14,2009-07-01,1.0,Malawi,Central,Mchinji
15,2009-07-01,1.0,Malawi,Southern,Mulanje
16,2009-07-01,1.0,Malawi,Southern,Mwanza
17,2009-07-01,1.0,Malawi,Northern,Mzimba
18,2009-07-01,1.0,Malawi,Northern,Mzuzu City
19,2009-07-01,1.0,Malawi,Southern,Neno
20,2009-07-01,1.0,Malawi,Northern,Nkhata Bay
21,2009-07-01,1.0,Malawi,Central,Nkhotakota
36,2009-07-01,2.0,Malawi,Southern,Nsanje
23,2009-07-01,1.0,Malawi,Central,Ntcheu
24,2009-07-01,1.0,Malawi,Central,Ntchisi
25,2009-07-01,1.0,Malawi,Southern,Phalombe
26,2009-07-01,1.0,Malawi,Northern,Rumphi
27,2009-07-01,1.0,Malawi,Central,Salima
28,2009-07-01,1.0,Malawi,Southern,Thyolo
29,2009-07-01,1.0,Malawi,Southern,Zomba
30,2009-07-01,1.0,Malawi,Southern,Zomba City
2612,2009-07-01,,Malawi,Northern,Likoma
46,2009-10-01,1.0,Malawi,Southern,Balaka
47,2009-10-01,1.0,Malawi,Southern,Blantyre
48,2009-10-01,1.0,Malawi,Southern,Blantyre City
79,2009-10-01,3.0,Malawi,Southern,Chikwawa
50,2009-10-01,1.0,Malawi,Southern,Chiradzulu
51,2009-10-01,1.0,Malawi,Northern,Chitipa
52,2009-10-01,1.0,Malawi,Central,Dedza
53,2009-10-01,1.0,Malawi,Central,Dowa
54,2009-10-01,1.0,Malawi,Northern,Karonga
55,2009-10-01,1.0,Malawi,Central,Kasungu
56,2009-10-01,1.0,Malawi,Central,Lilongwe
57,2009-10-01,1.0,Malawi,Central,Lilongwe City
58,2009-10-01,1.0,Malawi,Southern,Machinga
59,2009-10-01,1.0,Malawi,Southern,Mangochi
60,2009-10-01,1.0,Malawi,Central,Mchinji
61,2009-10-01,1.0,Malawi,Southern,Mulanje
62,2009-10-01,1.0,Malawi,Southern,Mwanza
63,2009-10-01,1.0,Malawi,Northern,Mzimba
64,2009-10-01,1.0,Malawi,Northern,Mzuzu City
65,2009-10-01,1.0,Malawi,Southern,Neno
66,2009-10-01,1.0,Malawi,Northern,Nkhata Bay
67,2009-10-01,1.0,Malawi,Central,Nkhotakota
83,2009-10-01,3.0,Malawi,Southern,Nsanje
69,2009-10-01,1.0,Malawi,Central,Ntcheu
70,2009-10-01,1.0,Malawi,Central,Ntchisi
71,2009-10-01,1.0,Malawi,Southern,Phalombe
72,2009-10-01,1.0,Malawi,Northern,Rumphi
73,2009-10-01,1.0,Malawi,Central,Salima
74,2009-10-01,1.0,Malawi,Southern,Thyolo
75,2009-10-01,1.0,Malawi,Southern,Zomba
76,2009-10-01,1.0,Malawi,Southern,Zomba City
2715,2009-10-01,,Malawi,Northern,Likoma
86,2010-01-01,1.0,Malawi,Southern,Balaka
87,2010-01-01,1.0,Malawi,Southern,Blantyre
88,2010-01-01,1.0,Malawi,Southern,Blantyre City
89,2010-01-01,1.0,Malawi,Southern,Chikwawa
90,2010-01-01,1.0,Malawi,Southern,Chiradzulu
91,2010-01-01,1.0,Malawi,Northern,Chitipa
92,2010-01-01,1.0,Malawi,Central,Dedza
93,2010-01-01,1.0,Malawi,Central,Dowa
94,2010-01-01,1.0,Malawi,Northern,Karonga
95,2010-01-01,1.0,Malawi,Central,Kasungu
96,2010-01-01,1.0,Malawi,Central,Lilongwe
97,2010-01-01,1.0,Malawi,Central,Lilongwe City
98,2010-01-01,1.0,Malawi,Southern,Machinga
99,2010-01-01,1.0,Malawi,Southern,Mangochi
100,2010-01-01,1.0,Malawi,Central,Mchinji
101,2010-01-01,1.0,Malawi,Southern,Mulanje
102,2010-01-01,1.0,Malawi,Southern,Mwanza
103,2010-01-01,1.0,Malawi,Northern,Mzimba
104,2010-01-01,1.0,Malawi,Northern,Mzuzu City
105,2010-01-01,1.0,Malawi,Southern,Neno
106,2010-01-01,1.0,Malawi,Northern,Nkhata Bay
107,2010-01-01,1.0,Malawi,Central,Nkhotakota
108,2010-01-01,1.0,Malawi,Southern,Nsanje
109,2010-01-01,1.0,Malawi,Central,Ntcheu
110,2010-01-01,1.0,Malawi,Central,Ntchisi
111,2010-01-01,1.0,Malawi,Southern,Phalombe
112,2010-01-01,1.0,Malawi,Northern,Rumphi
113,2010-01-01,1.0,Malawi,Central,Salima
114,2010-01-01,1.0,Malawi,Southern,Thyolo
115,2010-01-01,1.0,Malawi,Southern,Zomba
116,2010-01-01,1.0,Malawi,Southern,Zomba City
2786,2010-01-01,,Malawi,Northern,Likoma
161,2010-04-01,3.0,Malawi,Southern,Balaka
145,2010-04-01,2.0,Malawi,Southern,Blantyre
146,2010-04-01,2.0,Malawi,Southern,Blantyre City
163,2010-04-01,3.0,Malawi,Southern,Chikwawa
148,2010-04-01,2.0,Malawi,Southern,Chiradzulu
119,2010-04-01,1.0,Malawi,Northern,Chitipa
120,2010-04-01,1.0,Malawi,Central,Dedza
121,2010-04-01,1.0,Malawi,Central,Dowa
122,2010-04-01,1.0,Malawi,Northern,Karonga
123,2010-04-01,1.0,Malawi,Central,Kasungu
124,2010-04-01,1.0,Malawi,Central,Lilongwe
125,2010-04-01,1.0,Malawi,Central,Lilongwe City
150,2010-04-01,2.0,Malawi,Southern,Machinga
151,2010-04-01,2.0,Malawi,Southern,Mangochi
128,2010-04-01,1.0,Malawi,Central,Mchinji
152,2010-04-01,2.0,Malawi,Southern,Mulanje
153,2010-04-01,2.0,Malawi,Southern,Mwanza
131,2010-04-01,1.0,Malawi,Northern,Mzimba
132,2010-04-01,1.0,Malawi,Northern,Mzuzu City
154,2010-04-01,2.0,Malawi,Southern,Neno
134,2010-04-01,1.0,Malawi,Northern,Nkhata Bay
135,2010-04-01,1.0,Malawi,Central,Nkhotakota
170,2010-04-01,3.0,Malawi,Southern,Nsanje
136,2010-04-01,1.0,Malawi,Central,Ntcheu
137,2010-04-01,1.0,Malawi,Central,Ntchisi
157,2010-04-01,2.0,Malawi,Southern,Phalombe
139,2010-04-01,1.0,Malawi,Northern,Rumphi
140,2010-04-01,1.0,Malawi,Central,Salima
158,2010-04-01,2.0,Malawi,Southern,Thyolo
159,2010-04-01,2.0,Malawi,Southern,Zomba
160,2010-04-01,2.0,Malawi,Southern,Zomba City
2787,2010-04-01,,Malawi,Northern,Likoma
223,2010-07-01,3.0,Malawi,Southern,Balaka
204,2010-07-01,2.0,Malawi,Southern,Blantyre
205,2010-07-01,2.0,Malawi,Southern,Blantyre City
225,2010-07-01,3.0,Malawi,Southern,Chikwawa
207,2010-07-01,2.0,Malawi,Southern,Chiradzulu
178,2010-07-01,1.0,Malawi,Northern,Chitipa
179,2010-07-01,1.0,Malawi,Central,Dedza
180,2010-07-01,1.0,Malawi,Central,Dowa
210,2010-07-01,2.0,Malawi,Northern,Karonga
182,2010-07-01,1.0,Malawi,Central,Kasungu
183,2010-07-01,1.0,Malawi,Central,Lilongwe
184,2010-07-01,1.0,Malawi,Central,Lilongwe City
211,2010-07-01,2.0,Malawi,Southern,Machinga
212,2010-07-01,2.0,Malawi,Southern,Mangochi
187,2010-07-01,1.0,Malawi,Central,Mchinji
213,2010-07-01,2.0,Malawi,Southern,Mulanje
214,2010-07-01,2.0,Malawi,Southern,Mwanza
190,2010-07-01,1.0,Malawi,Northern,Mzimba
191,2010-07-01,1.0,Malawi,Northern,Mzuzu City
215,2010-07-01,2.0,Malawi,Southern,Neno
193,2010-07-01,1.0,Malawi,Northern,Nkhata Bay
194,2010-07-01,1.0,Malawi,Central,Nkhotakota
232,2010-07-01,3.0,Malawi,Southern,Nsanje
195,2010-07-01,1.0,Malawi,Central,Ntcheu
196,2010-07-01,1.0,Malawi,Central,Ntchisi
218,2010-07-01,2.0,Malawi,Southern,Phalombe
198,2010-07-01,1.0,Malawi,Northern,Rumphi
199,2010-07-01,1.0,Malawi,Central,Salima
220,2010-07-01,2.0,Malawi,Southern,Thyolo
221,2010-07-01,2.0,Malawi,Southern,Zomba
222,2010-07-01,2.0,Malawi,Southern,Zomba City
2788,2010-07-01,,Malawi,Northern,Likoma
265,2010-10-01,2.0,Malawi,Southern,Balaka
266,2010-10-01,2.0,Malawi,Southern,Blantyre
267,2010-10-01,2.0,Malawi,Southern,Blantyre City
268,2010-10-01,2.0,Malawi,Southern,Chikwawa
269,2010-10-01,2.0,Malawi,Southern,Chiradzulu
240,2010-10-01,1.0,Malawi,Northern,Chitipa
241,2010-10-01,1.0,Malawi,Central,Dedza
242,2010-10-01,1.0,Malawi,Central,Dowa
243,2010-10-01,1.0,Malawi,Northern,Karonga
244,2010-10-01,1.0,Malawi,Central,Kasungu
245,2010-10-01,1.0,Malawi,Central,Lilongwe
246,2010-10-01,1.0,Malawi,Central,Lilongwe City
271,2010-10-01,2.0,Malawi,Southern,Machinga
272,2010-10-01,2.0,Malawi,Southern,Mangochi
249,2010-10-01,1.0,Malawi,Central,Mchinji
273,2010-10-01,2.0,Malawi,Southern,Mulanje
274,2010-10-01,2.0,Malawi,Southern,Mwanza
252,2010-10-01,1.0,Malawi,Northern,Mzimba
253,2010-10-01,1.0,Malawi,Northern,Mzuzu City
275,2010-10-01,2.0,Malawi,Southern,Neno
255,2010-10-01,1.0,Malawi,Northern,Nkhata Bay
256,2010-10-01,1.0,Malawi,Central,Nkhotakota
276,2010-10-01,2.0,Malawi,Southern,Nsanje
257,2010-10-01,1.0,Malawi,Central,Ntcheu
258,2010-10-01,1.0,Malawi,Central,Ntchisi
278,2010-10-01,2.0,Malawi,Southern,Phalombe
260,2010-10-01,1.0,Malawi,Northern,Rumphi
261,2010-10-01,1.0,Malawi,Central,Salima
279,2010-10-01,2.0,Malawi,Southern,Thyolo
280,2010-10-01,2.0,Malawi,Southern,Zomba
281,2010-10-01,2.0,Malawi,Southern,Zomba City
2789,2010-10-01,,Malawi,Northern,Likoma
282,2011-01-01,1.0,Malawi,Southern,Balaka
283,2011-01-01,1.0,Malawi,Southern,Blantyre
284,2011-01-01,1.0,Malawi,Southern,Blantyre City
285,2011-01-01,1.0,Malawi,Southern,Chikwawa
286,2011-01-01,1.0,Malawi,Southern,Chiradzulu
287,2011-01-01,1.0,Malawi,Northern,Chitipa
288,2011-01-01,1.0,Malawi,Central,Dedza
289,2011-01-01,1.0,Malawi,Central,Dowa
290,2011-01-01,1.0,Malawi,Northern,Karonga
291,2011-01-01,1.0,Malawi,Central,Kasungu
292,2011-01-01,1.0,Malawi,Central,Lilongwe
293,2011-01-01,1.0,Malawi,Central,Lilongwe City
294,2011-01-01,1.0,Malawi,Southern,Machinga
295,2011-01-01,1.0,Malawi,Southern,Mangochi
296,2011-01-01,1.0,Malawi,Central,Mchinji
297,2011-01-01,1.0,Malawi,Southern,Mulanje
298,2011-01-01,1.0,Malawi,Southern,Mwanza
299,2011-01-01,1.0,Malawi,Northern,Mzimba
300,2011-01-01,1.0,Malawi,Northern,Mzuzu City
301,2011-01-01,1.0,Malawi,Southern,Neno
302,2011-01-01,1.0,Malawi,Northern,Nkhata Bay
303,2011-01-01,1.0,Malawi,Central,Nkhotakota
304,2011-01-01,1.0,Malawi,Southern,Nsanje
305,2011-01-01,1.0,Malawi,Central,Ntcheu
306,2011-01-01,1.0,Malawi,Central,Ntchisi
307,2011-01-01,1.0,Malawi,Southern,Phalombe
308,2011-01-01,1.0,Malawi,Northern,Rumphi
309,2011-01-01,1.0,Malawi,Central,Salima
310,2011-01-01,1.0,Malawi,Southern,Thyolo
311,2011-01-01,1.0,Malawi,Southern,Zomba
312,2011-01-01,1.0,Malawi,Southern,Zomba City
2790,2011-01-01,,Malawi,Northern,Likoma
334,2011-04-01,2.0,Malawi,Southern,Balaka
1916,2011-04-01,3.0,Malawi,Southern,Blantyre
336,2011-04-01,2.0,Malawi,Southern,Blantyre City
1918,2011-04-01,3.0,Malawi,Southern,Chikwawa
1919,2011-04-01,3.0,Malawi,Southern,Chiradzulu
314,2011-04-01,1.0,Malawi,Northern,Chitipa
315,2011-04-01,1.0,Malawi,Central,Dedza
316,2011-04-01,1.0,Malawi,Central,Dowa
1921,2011-04-01,3.0,Malawi,Northern,Karonga
318,2011-04-01,1.0,Malawi,Central,Kasungu
319,2011-04-01,1.0,Malawi,Central,Lilongwe
320,2011-04-01,1.0,Malawi,Central,Lilongwe City
340,2011-04-01,2.0,Malawi,Southern,Machinga
341,2011-04-01,2.0,Malawi,Southern,Mangochi
322,2011-04-01,1.0,Malawi,Central,Mchinji
342,2011-04-01,2.0,Malawi,Southern,Mulanje
343,2011-04-01,2.0,Malawi,Southern,Mwanza
324,2011-04-01,1.0,Malawi,Northern,Mzimba
325,2011-04-01,1.0,Malawi,Northern,Mzuzu City
344,2011-04-01,2.0,Malawi,Southern,Neno
327,2011-04-01,1.0,Malawi,Northern,Nkhata Bay
328,2011-04-01,1.0,Malawi,Central,Nkhotakota
345,2011-04-01,2.0,Malawi,Southern,Nsanje
329,2011-04-01,1.0,Malawi,Central,Ntcheu
330,2011-04-01,1.0,Malawi,Central,Ntchisi
1926,2011-04-01,3.0,Malawi,Southern,Phalombe
332,2011-04-01,1.0,Malawi,Northern,Rumphi
333,2011-04-01,1.0,Malawi,Central,Salima
348,2011-04-01,2.0,Malawi,Southern,Thyolo
349,2011-04-01,2.0,Malawi,Southern,Zomba
350,2011-04-01,2.0,Malawi,Southern,Zomba City
2791,2011-04-01,,Malawi,Northern,Likoma
351,2011-07-01,1.0,Malawi,Southern,Balaka
352,2011-07-01,1.0,Malawi,Southern,Blantyre
353,2011-07-01,1.0,Malawi,Southern,Blantyre City
354,2011-07-01,1.0,Malawi,Southern,Chikwawa
355,2011-07-01,1.0,Malawi,Southern,Chiradzulu
356,2011-07-01,1.0,Malawi,Northern,Chitipa
357,2011-07-01,1.0,Malawi,Central,Dedza
358,2011-07-01,1.0,Malawi,Central,Dowa
359,2011-07-01,1.0,Malawi,Northern,Karonga
360,2011-07-01,1.0,Malawi,Central,Kasungu
361,2011-07-01,1.0,Malawi,Central,Lilongwe
362,2011-07-01,1.0,Malawi,Central,Lilongwe City
363,2011-07-01,1.0,Malawi,Southern,Machinga
364,2011-07-01,1.0,Malawi,Southern,Mangochi
365,2011-07-01,1.0,Malawi,Central,Mchinji
366,2011-07-01,1.0,Malawi,Southern,Mulanje
367,2011-07-01,1.0,Malawi,Southern,Mwanza
368,2011-07-01,1.0,Malawi,Northern,Mzimba
369,2011-07-01,1.0,Malawi,Northern,Mzuzu City
370,2011-07-01,1.0,Malawi,Southern,Neno
371,2011-07-01,1.0,Malawi,Northern,Nkhata Bay
372,2011-07-01,1.0,Malawi,Central,Nkhotakota
373,2011-07-01,1.0,Malawi,Southern,Nsanje
374,2011-07-01,1.0,Malawi,Central,Ntcheu
375,2011-07-01,1.0,Malawi,Central,Ntchisi
376,2011-07-01,1.0,Malawi,Southern,Phalombe
377,2011-07-01,1.0,Malawi,Northern,Rumphi
378,2011-07-01,1.0,Malawi,Central,Salima
379,2011-07-01,1.0,Malawi,Southern,Thyolo
380,2011-07-01,1.0,Malawi,Southern,Zomba
381,2011-07-01,1.0,Malawi,Southern,Zomba City
2792,2011-07-01,,Malawi,Northern,Likoma
412,2011-10-01,2.0,Malawi,Southern,Balaka
413,2011-10-01,2.0,Malawi,Southern,Blantyre
414,2011-10-01,2.0,Malawi,Southern,Blantyre City
2471,2011-10-01,3.0,Malawi,Southern,Chikwawa
386,2011-10-01,1.0,Malawi,Southern,Chiradzulu
387,2011-10-01,1.0,Malawi,Northern,Chitipa
388,2011-10-01,1.0,Malawi,Central,Dedza
389,2011-10-01,1.0,Malawi,Central,Dowa
390,2011-10-01,1.0,Malawi,Northern,Karonga
391,2011-10-01,1.0,Malawi,Central,Kasungu
392,2011-10-01,1.0,Malawi,Central,Lilongwe
393,2011-10-01,1.0,Malawi,Central,Lilongwe City
394,2011-10-01,1.0,Malawi,Southern,Machinga
395,2011-10-01,1.0,Malawi,Southern,Mangochi
396,2011-10-01,1.0,Malawi,Central,Mchinji
397,2011-10-01,1.0,Malawi,Southern,Mulanje
421,2011-10-01,2.0,Malawi,Southern,Mwanza
398,2011-10-01,1.0,Malawi,Northern,Mzimba
399,2011-10-01,1.0,Malawi,Northern,Mzuzu City
422,2011-10-01,2.0,Malawi,Southern,Neno
401,2011-10-01,1.0,Malawi,Northern,Nkhata Bay
402,2011-10-01,1.0,Malawi,Central,Nkhotakota
423,2011-10-01,2.0,Malawi,Southern,Nsanje
404,2011-10-01,1.0,Malawi,Central,Ntcheu
405,2011-10-01,1.0,Malawi,Central,Ntchisi
425,2011-10-01,2.0,Malawi,Southern,Phalombe
407,2011-10-01,1.0,Malawi,Northern,Rumphi
408,2011-10-01,1.0,Malawi,Central,Salima
409,2011-10-01,1.0,Malawi,Southern,Thyolo
410,2011-10-01,1.0,Malawi,Southern,Zomba
411,2011-10-01,1.0,Malawi,Southern,Zomba City
2793,2011-10-01,,Malawi,Northern,Likoma
429,2012-01-01,1.0,Malawi,Southern,Balaka
430,2012-01-01,1.0,Malawi,Southern,Blantyre
431,2012-01-01,1.0,Malawi,Southern,Blantyre City
432,2012-01-01,1.0,Malawi,Southern,Chikwawa
433,2012-01-01,1.0,Malawi,Southern,Chiradzulu
434,2012-01-01,1.0,Malawi,Northern,Chitipa
435,2012-01-01,1.0,Malawi,Central,Dedza
436,2012-01-01,1.0,Malawi,Central,Dowa
437,2012-01-01,1.0,Malawi,Northern,Karonga
438,2012-01-01,1.0,Malawi,Central,Kasungu
439,2012-01-01,1.0,Malawi,Central,Lilongwe
440,2012-01-01,1.0,Malawi,Central,Lilongwe City
441,2012-01-01,1.0,Malawi,Southern,Machinga
442,2012-01-01,1.0,Malawi,Southern,Mangochi
443,2012-01-01,1.0,Malawi,Central,Mchinji
444,2012-01-01,1.0,Malawi,Southern,Mulanje
445,2012-01-01,1.0,Malawi,Southern,Mwanza
446,2012-01-01,1.0,Malawi,Northern,Mzimba
447,2012-01-01,1.0,Malawi,Northern,Mzuzu City
448,2012-01-01,1.0,Malawi,Southern,Neno
449,2012-01-01,1.0,Malawi,Northern,Nkhata Bay
450,2012-01-01,1.0,Malawi,Central,Nkhotakota
451,2012-01-01,1.0,Malawi,Southern,Nsanje
452,2012-01-01,1.0,Malawi,Central,Ntcheu
453,2012-01-01,1.0,Malawi,Central,Ntchisi
454,2012-01-01,1.0,Malawi,Southern,Phalombe
455,2012-01-01,1.0,Malawi,Northern,Rumphi
456,2012-01-01,1.0,Malawi,Central,Salima
457,2012-01-01,1.0,Malawi,Southern,Thyolo
458,2012-01-01,1.0,Malawi,Southern,Zomba
459,2012-01-01,1.0,Malawi,Southern,Zomba City
2794,2012-01-01,,Malawi,Northern,Likoma
491,2012-04-01,3.0,Malawi,Southern,Balaka
492,2012-04-01,3.0,Malawi,Southern,Blantyre
1931,2012-04-01,2.0,Malawi,Southern,Blantyre City
494,2012-04-01,3.0,Malawi,Southern,Chikwawa
464,2012-04-01,1.0,Malawi,Southern,Chiradzulu
465,2012-04-01,1.0,Malawi,Northern,Chitipa
466,2012-04-01,1.0,Malawi,Central,Dedza
467,2012-04-01,1.0,Malawi,Central,Dowa
468,2012-04-01,1.0,Malawi,Northern,Karonga
469,2012-04-01,1.0,Malawi,Central,Kasungu
470,2012-04-01,1.0,Malawi,Central,Lilongwe
471,2012-04-01,1.0,Malawi,Central,Lilongwe City
472,2012-04-01,1.0,Malawi,Southern,Machinga
473,2012-04-01,1.0,Malawi,Southern,Mangochi
474,2012-04-01,1.0,Malawi,Central,Mchinji
1935,2012-04-01,2.0,Malawi,Southern,Mulanje
500,2012-04-01,3.0,Malawi,Southern,Mwanza
477,2012-04-01,1.0,Malawi,Northern,Mzimba
478,2012-04-01,1.0,Malawi,Northern,Mzuzu City
501,2012-04-01,3.0,Malawi,Southern,Neno
480,2012-04-01,1.0,Malawi,Northern,Nkhata Bay
481,2012-04-01,1.0,Malawi,Central,Nkhotakota
502,2012-04-01,3.0,Malawi,Southern,Nsanje
483,2012-04-01,1.0,Malawi,Central,Ntcheu
484,2012-04-01,1.0,Malawi,Central,Ntchisi
504,2012-04-01,3.0,Malawi,Southern,Phalombe
486,2012-04-01,1.0,Malawi,Northern,Rumphi
487,2012-04-01,1.0,Malawi,Central,Salima
1939,2012-04-01,2.0,Malawi,Southern,Thyolo
506,2012-04-01,3.0,Malawi,Southern,Zomba
490,2012-04-01,1.0,Malawi,Southern,Zomba City
2795,2012-04-01,,Malawi,Northern,Likoma
528,2012-10-01,3.0,Malawi,Southern,Balaka
529,2012-10-01,3.0,Malawi,Southern,Blantyre
1949,2012-10-01,4.0,Malawi,Southern,Blantyre City
530,2012-10-01,3.0,Malawi,Southern,Chikwawa
1951,2012-10-01,4.0,Malawi,Southern,Chiradzulu
509,2012-10-01,1.0,Malawi,Northern,Chitipa
510,2012-10-01,1.0,Malawi,Central,Dedza
511,2012-10-01,1.0,Malawi,Central,Dowa
512,2012-10-01,1.0,Malawi,Northern,Karonga
513,2012-10-01,1.0,Malawi,Central,Kasungu
515,2012-10-01,1.0,Malawi,Central,Lilongwe
516,2012-10-01,1.0,Malawi,Central,Lilongwe City
535,2012-10-01,3.0,Malawi,Southern,Machinga
517,2012-10-01,1.0,Malawi,Southern,Mangochi
518,2012-10-01,1.0,Malawi,Central,Mchinji
537,2012-10-01,3.0,Malawi,Southern,Mulanje
538,2012-10-01,3.0,Malawi,Southern,Mwanza
519,2012-10-01,1.0,Malawi,Northern,Mzimba
520,2012-10-01,1.0,Malawi,Northern,Mzuzu City
539,2012-10-01,3.0,Malawi,Southern,Neno
522,2012-10-01,1.0,Malawi,Northern,Nkhata Bay
523,2012-10-01,1.0,Malawi,Central,Nkhotakota
541,2012-10-01,3.0,Malawi,Southern,Nsanje
542,2012-10-01,3.0,Malawi,Central,Ntcheu
525,2012-10-01,1.0,Malawi,Central,Ntchisi
544,2012-10-01,3.0,Malawi,Southern,Phalombe
526,2012-10-01,1.0,Malawi,Northern,Rumphi
545,2012-10-01,3.0,Malawi,Central,Salima
1955,2012-10-01,4.0,Malawi,Southern,Thyolo
547,2012-10-01,3.0,Malawi,Southern,Zomba
1947,2012-10-01,2.0,Malawi,Southern,Zomba City
514,2012-10-01,1.0,Malawi,Northern,Likoma
549,2013-01-01,1.0,Malawi,Southern,Balaka
550,2013-01-01,1.0,Malawi,Southern,Blantyre
551,2013-01-01,1.0,Malawi,Southern,Blantyre City
552,2013-01-01,1.0,Malawi,Southern,Chikwawa
553,2013-01-01,1.0,Malawi,Southern,Chiradzulu
554,2013-01-01,1.0,Malawi,Northern,Chitipa
555,2013-01-01,1.0,Malawi,Central,Dedza
556,2013-01-01,1.0,Malawi,Central,Dowa
557,2013-01-01,1.0,Malawi,Northern,Karonga
558,2013-01-01,1.0,Malawi,Central,Kasungu
560,2013-01-01,1.0,Malawi,Central,Lilongwe
561,2013-01-01,1.0,Malawi,Central,Lilongwe City
562,2013-01-01,1.0,Malawi,Southern,Machinga
563,2013-01-01,1.0,Malawi,Southern,Mangochi
564,2013-01-01,1.0,Malawi,Central,Mchinji
565,2013-01-01,1.0,Malawi,Southern,Mulanje
566,2013-01-01,1.0,Malawi,Southern,Mwanza
567,2013-01-01,1.0,Malawi,Northern,Mzimba
568,2013-01-01,1.0,Malawi,Northern,Mzuzu City
569,2013-01-01,1.0,Malawi,Southern,Neno
570,2013-01-01,1.0,Malawi,Northern,Nkhata Bay
571,2013-01-01,1.0,Malawi,Central,Nkhotakota
572,2013-01-01,1.0,Malawi,Southern,Nsanje
573,2013-01-01,1.0,Malawi,Central,Ntcheu
574,2013-01-01,1.0,Malawi,Central,Ntchisi
575,2013-01-01,1.0,Malawi,Southern,Phalombe
576,2013-01-01,1.0,Malawi,Northern,Rumphi
577,2013-01-01,1.0,Malawi,Central,Salima
578,2013-01-01,1.0,Malawi,Southern,Thyolo
579,2013-01-01,1.0,Malawi,Southern,Zomba
580,2013-01-01,1.0,Malawi,Southern,Zomba City
559,2013-01-01,1.0,Malawi,Northern,Likoma
581,2013-04-01,1.0,Malawi,Southern,Balaka
582,2013-04-01,1.0,Malawi,Southern,Blantyre
583,2013-04-01,1.0,Malawi,Southern,Blantyre City
584,2013-04-01,1.0,Malawi,Southern,Chikwawa
585,2013-04-01,1.0,Malawi,Southern,Chiradzulu
586,2013-04-01,1.0,Malawi,Northern,Chitipa
587,2013-04-01,1.0,Malawi,Central,Dedza
2722,2013-04-01,2.0,Malawi,Central,Dowa
589,2013-04-01,1.0,Malawi,Northern,Karonga
2723,2013-04-01,2.0,Malawi,Central,Kasungu
592,2013-04-01,1.0,Malawi,Central,Lilongwe
593,2013-04-01,1.0,Malawi,Central,Lilongwe City
594,2013-04-01,1.0,Malawi,Southern,Machinga
595,2013-04-01,1.0,Malawi,Southern,Mangochi
2727,2013-04-01,2.0,Malawi,Central,Mchinji
597,2013-04-01,1.0,Malawi,Southern,Mulanje
598,2013-04-01,1.0,Malawi,Southern,Mwanza
2728,2013-04-01,2.0,Malawi,Northern,Mzimba
2729,2013-04-01,2.0,Malawi,Northern,Mzuzu City
601,2013-04-01,1.0,Malawi,Southern,Neno
602,2013-04-01,1.0,Malawi,Northern,Nkhata Bay
603,2013-04-01,1.0,Malawi,Central,Nkhotakota
604,2013-04-01,1.0,Malawi,Southern,Nsanje
605,2013-04-01,1.0,Malawi,Central,Ntcheu
2733,2013-04-01,2.0,Malawi,Central,Ntchisi
607,2013-04-01,1.0,Malawi,Southern,Phalombe
608,2013-04-01,1.0,Malawi,Northern,Rumphi
2735,2013-04-01,2.0,Malawi,Central,Salima
610,2013-04-01,1.0,Malawi,Southern,Thyolo
611,2013-04-01,1.0,Malawi,Southern,Zomba
612,2013-04-01,1.0,Malawi,Southern,Zomba City
591,2013-04-01,1.0,Malawi,Northern,Likoma
670,2013-07-01,3.0,Malawi,Southern,Balaka
671,2013-07-01,3.0,Malawi,Southern,Blantyre
615,2013-07-01,1.0,Malawi,Southern,Blantyre City
645,2013-07-01,2.0,Malawi,Southern,Chikwawa
617,2013-07-01,1.0,Malawi,Southern,Chiradzulu
618,2013-07-01,1.0,Malawi,Northern,Chitipa
619,2013-07-01,1.0,Malawi,Central,Dedza
620,2013-07-01,1.0,Malawi,Central,Dowa
650,2013-07-01,2.0,Malawi,Northern,Karonga
676,2013-07-01,3.0,Malawi,Central,Kasungu
623,2013-07-01,1.0,Malawi,Central,Lilongwe
624,2013-07-01,1.0,Malawi,Central,Lilongwe City
652,2013-07-01,2.0,Malawi,Southern,Machinga
653,2013-07-01,2.0,Malawi,Southern,Mangochi
627,2013-07-01,1.0,Malawi,Central,Mchinji
654,2013-07-01,2.0,Malawi,Southern,Mulanje
629,2013-07-01,1.0,Malawi,Southern,Mwanza
681,2013-07-01,3.0,Malawi,Northern,Mzimba
682,2013-07-01,3.0,Malawi,Northern,Mzuzu City
631,2013-07-01,1.0,Malawi,Southern,Neno
659,2013-07-01,2.0,Malawi,Northern,Nkhata Bay
660,2013-07-01,2.0,Malawi,Central,Nkhotakota
661,2013-07-01,2.0,Malawi,Southern,Nsanje
662,2013-07-01,2.0,Malawi,Central,Ntcheu
686,2013-07-01,3.0,Malawi,Central,Ntchisi
664,2013-07-01,2.0,Malawi,Southern,Phalombe
665,2013-07-01,2.0,Malawi,Northern,Rumphi
688,2013-07-01,3.0,Malawi,Central,Salima
667,2013-07-01,2.0,Malawi,Southern,Thyolo
668,2013-07-01,2.0,Malawi,Southern,Zomba
669,2013-07-01,2.0,Malawi,Southern,Zomba City
2796,2013-07-01,,Malawi,Northern,Likoma
745,2013-10-01,3.0,Malawi,Southern,Balaka
746,2013-10-01,3.0,Malawi,Southern,Blantyre
692,2013-10-01,1.0,Malawi,Southern,Blantyre City
747,2013-10-01,3.0,Malawi,Southern,Chikwawa
694,2013-10-01,1.0,Malawi,Southern,Chiradzulu
695,2013-10-01,1.0,Malawi,Northern,Chitipa
696,2013-10-01,1.0,Malawi,Central,Dedza
697,2013-10-01,1.0,Malawi,Central,Dowa
726,2013-10-01,2.0,Malawi,Northern,Karonga
753,2013-10-01,3.0,Malawi,Central,Kasungu
701,2013-10-01,1.0,Malawi,Central,Lilongwe
702,2013-10-01,1.0,Malawi,Central,Lilongwe City
728,2013-10-01,2.0,Malawi,Southern,Machinga
704,2013-10-01,1.0,Malawi,Southern,Mangochi
705,2013-10-01,1.0,Malawi,Central,Mchinji
730,2013-10-01,2.0,Malawi,Southern,Mulanje
707,2013-10-01,1.0,Malawi,Southern,Mwanza
759,2013-10-01,3.0,Malawi,Northern,Mzimba
760,2013-10-01,3.0,Malawi,Northern,Mzuzu City
761,2013-10-01,3.0,Malawi,Southern,Neno
734,2013-10-01,2.0,Malawi,Northern,Nkhata Bay
735,2013-10-01,2.0,Malawi,Central,Nkhotakota
764,2013-10-01,3.0,Malawi,Southern,Nsanje
737,2013-10-01,2.0,Malawi,Central,Ntcheu
738,2013-10-01,2.0,Malawi,Central,Ntchisi
739,2013-10-01,2.0,Malawi,Southern,Phalombe
740,2013-10-01,2.0,Malawi,Northern,Rumphi
768,2013-10-01,3.0,Malawi,Central,Salima
742,2013-10-01,2.0,Malawi,Southern,Thyolo
743,2013-10-01,2.0,Malawi,Southern,Zomba
744,2013-10-01,2.0,Malawi,Southern,Zomba City
700,2013-10-01,1.0,Malawi,Northern,Likoma
771,2014-01-01,1.0,Malawi,Southern,Balaka
772,2014-01-01,1.0,Malawi,Southern,Blantyre
773,2014-01-01,1.0,Malawi,Southern,Blantyre City
774,2014-01-01,1.0,Malawi,Southern,Chikwawa
775,2014-01-01,1.0,Malawi,Southern,Chiradzulu
776,2014-01-01,1.0,Malawi,Northern,Chitipa
777,2014-01-01,1.0,Malawi,Central,Dedza
778,2014-01-01,1.0,Malawi,Central,Dowa
779,2014-01-01,1.0,Malawi,Northern,Karonga
780,2014-01-01,1.0,Malawi,Central,Kasungu
782,2014-01-01,1.0,Malawi,Central,Lilongwe
783,2014-01-01,1.0,Malawi,Central,Lilongwe City
784,2014-01-01,1.0,Malawi,Southern,Machinga
785,2014-01-01,1.0,Malawi,Southern,Mangochi
786,2014-01-01,1.0,Malawi,Central,Mchinji
787,2014-01-01,1.0,Malawi,Southern,Mulanje
788,2014-01-01,1.0,Malawi,Southern,Mwanza
789,2014-01-01,1.0,Malawi,Northern,Mzimba
790,2014-01-01,1.0,Malawi,Northern,Mzuzu City
791,2014-01-01,1.0,Malawi,Southern,Neno
792,2014-01-01,1.0,Malawi,Northern,Nkhata Bay
793,2014-01-01,1.0,Malawi,Central,Nkhotakota
794,2014-01-01,1.0,Malawi,Southern,Nsanje
795,2014-01-01,1.0,Malawi,Central,Ntcheu
796,2014-01-01,1.0,Malawi,Central,Ntchisi
797,2014-01-01,1.0,Malawi,Southern,Phalombe
798,2014-01-01,1.0,Malawi,Northern,Rumphi
799,2014-01-01,1.0,Malawi,Central,Salima
800,2014-01-01,1.0,Malawi,Southern,Thyolo
801,2014-01-01,1.0,Malawi,Southern,Zomba
802,2014-01-01,1.0,Malawi,Southern,Zomba City
781,2014-01-01,1.0,Malawi,Northern,Likoma
803,2014-04-01,1.0,Malawi,Southern,Balaka
804,2014-04-01,1.0,Malawi,Southern,Blantyre
805,2014-04-01,1.0,Malawi,Southern,Blantyre City
806,2014-04-01,1.0,Malawi,Southern,Chikwawa
807,2014-04-01,1.0,Malawi,Southern,Chiradzulu
808,2014-04-01,1.0,Malawi,Northern,Chitipa
809,2014-04-01,1.0,Malawi,Central,Dedza
810,2014-04-01,1.0,Malawi,Central,Dowa
811,2014-04-01,1.0,Malawi,Northern,Karonga
812,2014-04-01,1.0,Malawi,Central,Kasungu
814,2014-04-01,1.0,Malawi,Central,Lilongwe
815,2014-04-01,1.0,Malawi,Central,Lilongwe City
816,2014-04-01,1.0,Malawi,Southern,Machinga
817,2014-04-01,1.0,Malawi,Southern,Mangochi
818,2014-04-01,1.0,Malawi,Central,Mchinji
819,2014-04-01,1.0,Malawi,Southern,Mulanje
820,2014-04-01,1.0,Malawi,Southern,Mwanza
821,2014-04-01,1.0,Malawi,Northern,Mzimba
822,2014-04-01,1.0,Malawi,Northern,Mzuzu City
823,2014-04-01,1.0,Malawi,Southern,Neno
824,2014-04-01,1.0,Malawi,Northern,Nkhata Bay
825,2014-04-01,1.0,Malawi,Central,Nkhotakota
826,2014-04-01,1.0,Malawi,Southern,Nsanje
827,2014-04-01,1.0,Malawi,Central,Ntcheu
828,2014-04-01,1.0,Malawi,Central,Ntchisi
829,2014-04-01,1.0,Malawi,Southern,Phalombe
830,2014-04-01,1.0,Malawi,Northern,Rumphi
831,2014-04-01,1.0,Malawi,Central,Salima
832,2014-04-01,1.0,Malawi,Southern,Thyolo
833,2014-04-01,1.0,Malawi,Southern,Zomba
834,2014-04-01,1.0,Malawi,Southern,Zomba City
813,2014-04-01,1.0,Malawi,Northern,Likoma
867,2014-07-01,3.0,Malawi,Southern,Balaka
868,2014-07-01,3.0,Malawi,Southern,Blantyre
837,2014-07-01,1.0,Malawi,Southern,Blantyre City
838,2014-07-01,1.0,Malawi,Southern,Chikwawa
839,2014-07-01,1.0,Malawi,Southern,Chiradzulu
840,2014-07-01,1.0,Malawi,Northern,Chitipa
841,2014-07-01,1.0,Malawi,Central,Dedza
842,2014-07-01,1.0,Malawi,Central,Dowa
843,2014-07-01,1.0,Malawi,Northern,Karonga
844,2014-07-01,1.0,Malawi,Central,Kasungu
846,2014-07-01,1.0,Malawi,Central,Lilongwe
847,2014-07-01,1.0,Malawi,Central,Lilongwe City
848,2014-07-01,1.0,Malawi,Southern,Machinga
849,2014-07-01,1.0,Malawi,Southern,Mangochi
850,2014-07-01,1.0,Malawi,Central,Mchinji
875,2014-07-01,3.0,Malawi,Southern,Mulanje
852,2014-07-01,1.0,Malawi,Southern,Mwanza
853,2014-07-01,1.0,Malawi,Northern,Mzimba
854,2014-07-01,1.0,Malawi,Northern,Mzuzu City
855,2014-07-01,1.0,Malawi,Southern,Neno
856,2014-07-01,1.0,Malawi,Northern,Nkhata Bay
857,2014-07-01,1.0,Malawi,Central,Nkhotakota
858,2014-07-01,1.0,Malawi,Southern,Nsanje
859,2014-07-01,1.0,Malawi,Central,Ntcheu
860,2014-07-01,1.0,Malawi,Central,Ntchisi
878,2014-07-01,3.0,Malawi,Southern,Phalombe
862,2014-07-01,1.0,Malawi,Northern,Rumphi
863,2014-07-01,1.0,Malawi,Central,Salima
864,2014-07-01,1.0,Malawi,Southern,Thyolo
865,2014-07-01,1.0,Malawi,Southern,Zomba
866,2014-07-01,1.0,Malawi,Southern,Zomba City
845,2014-07-01,1.0,Malawi,Northern,Likoma
913,2014-10-01,1.0,Malawi,Southern,Balaka
914,2014-10-01,1.0,Malawi,Southern,Blantyre
883,2014-10-01,1.0,Malawi,Southern,Blantyre City
884,2014-10-01,1.0,Malawi,Southern,Chikwawa
885,2014-10-01,1.0,Malawi,Southern,Chiradzulu
886,2014-10-01,1.0,Malawi,Northern,Chitipa
887,2014-10-01,1.0,Malawi,Central,Dedza
888,2014-10-01,1.0,Malawi,Central,Dowa
889,2014-10-01,1.0,Malawi,Northern,Karonga
890,2014-10-01,1.0,Malawi,Central,Kasungu
892,2014-10-01,1.0,Malawi,Central,Lilongwe
893,2014-10-01,1.0,Malawi,Central,Lilongwe City
894,2014-10-01,1.0,Malawi,Southern,Machinga
895,2014-10-01,1.0,Malawi,Southern,Mangochi
896,2014-10-01,1.0,Malawi,Central,Mchinji
921,2014-10-01,1.0,Malawi,Southern,Mulanje
898,2014-10-01,1.0,Malawi,Southern,Mwanza
899,2014-10-01,1.0,Malawi,Northern,Mzimba
900,2014-10-01,1.0,Malawi,Northern,Mzuzu City
901,2014-10-01,1.0,Malawi,Southern,Neno
902,2014-10-01,1.0,Malawi,Northern,Nkhata Bay
903,2014-10-01,1.0,Malawi,Central,Nkhotakota
904,2014-10-01,1.0,Malawi,Southern,Nsanje
905,2014-10-01,1.0,Malawi,Central,Ntcheu
906,2014-10-01,1.0,Malawi,Central,Ntchisi
924,2014-10-01,1.0,Malawi,Southern,Phalombe
908,2014-10-01,1.0,Malawi,Northern,Rumphi
909,2014-10-01,1.0,Malawi,Central,Salima
910,2014-10-01,1.0,Malawi,Southern,Thyolo
911,2014-10-01,1.0,Malawi,Southern,Zomba
912,2014-10-01,1.0,Malawi,Southern,Zomba City
891,2014-10-01,1.0,Malawi,Northern,Likoma
959,2015-01-01,2.0,Malawi,Southern,Balaka
928,2015-01-01,1.0,Malawi,Southern,Blantyre
929,2015-01-01,1.0,Malawi,Southern,Blantyre City
2120,2015-01-01,3.0,Malawi,Southern,Chikwawa
931,2015-01-01,1.0,Malawi,Southern,Chiradzulu
932,2015-01-01,1.0,Malawi,Northern,Chitipa
933,2015-01-01,1.0,Malawi,Central,Dedza
934,2015-01-01,1.0,Malawi,Central,Dowa
935,2015-01-01,1.0,Malawi,Northern,Karonga
936,2015-01-01,1.0,Malawi,Central,Kasungu
938,2015-01-01,1.0,Malawi,Central,Lilongwe
939,2015-01-01,1.0,Malawi,Central,Lilongwe City
966,2015-01-01,2.0,Malawi,Southern,Machinga
967,2015-01-01,2.0,Malawi,Southern,Mangochi
942,2015-01-01,1.0,Malawi,Central,Mchinji
968,2015-01-01,2.0,Malawi,Southern,Mulanje
944,2015-01-01,1.0,Malawi,Southern,Mwanza
945,2015-01-01,1.0,Malawi,Northern,Mzimba
946,2015-01-01,1.0,Malawi,Northern,Mzuzu City
947,2015-01-01,1.0,Malawi,Southern,Neno
948,2015-01-01,1.0,Malawi,Northern,Nkhata Bay
949,2015-01-01,1.0,Malawi,Central,Nkhotakota
2123,2015-01-01,3.0,Malawi,Southern,Nsanje
951,2015-01-01,1.0,Malawi,Central,Ntcheu
952,2015-01-01,1.0,Malawi,Central,Ntchisi
2124,2015-01-01,3.0,Malawi,Southern,Phalombe
954,2015-01-01,1.0,Malawi,Northern,Rumphi
974,2015-01-01,2.0,Malawi,Central,Salima
956,2015-01-01,1.0,Malawi,Southern,Thyolo
976,2015-01-01,2.0,Malawi,Southern,Zomba
958,2015-01-01,1.0,Malawi,Southern,Zomba City
937,2015-01-01,1.0,Malawi,Northern,Likoma
1010,2015-04-01,2.0,Malawi,Southern,Balaka
979,2015-04-01,1.0,Malawi,Southern,Blantyre
980,2015-04-01,1.0,Malawi,Southern,Blantyre City
1012,2015-04-01,2.0,Malawi,Southern,Chikwawa
982,2015-04-01,1.0,Malawi,Southern,Chiradzulu
983,2015-04-01,1.0,Malawi,Northern,Chitipa
984,2015-04-01,1.0,Malawi,Central,Dedza
985,2015-04-01,1.0,Malawi,Central,Dowa
986,2015-04-01,1.0,Malawi,Northern,Karonga
987,2015-04-01,1.0,Malawi,Central,Kasungu
989,2015-04-01,1.0,Malawi,Central,Lilongwe
990,2015-04-01,1.0,Malawi,Central,Lilongwe City
1017,2015-04-01,2.0,Malawi,Southern,Machinga
1018,2015-04-01,2.0,Malawi,Southern,Mangochi
993,2015-04-01,1.0,Malawi,Central,Mchinji
1019,2015-04-01,2.0,Malawi,Southern,Mulanje
995,2015-04-01,1.0,Malawi,Southern,Mwanza
996,2015-04-01,1.0,Malawi,Northern,Mzimba
997,2015-04-01,1.0,Malawi,Northern,Mzuzu City
998,2015-04-01,1.0,Malawi,Southern,Neno
999,2015-04-01,1.0,Malawi,Northern,Nkhata Bay
1000,2015-04-01,1.0,Malawi,Central,Nkhotakota
1023,2015-04-01,2.0,Malawi,Southern,Nsanje
1002,2015-04-01,1.0,Malawi,Central,Ntcheu
1003,2015-04-01,1.0,Malawi,Central,Ntchisi
1026,2015-04-01,2.0,Malawi,Southern,Phalombe
1005,2015-04-01,1.0,Malawi,Northern,Rumphi
1027,2015-04-01,2.0,Malawi,Central,Salima
1007,2015-04-01,1.0,Malawi,Southern,Thyolo
1008,2015-04-01,1.0,Malawi,Southern,Zomba
1009,2015-04-01,1.0,Malawi,Southern,Zomba City
988,2015-04-01,1.0,Malawi,Northern,Likoma
1094,2015-07-01,3.0,Malawi,Southern,Balaka
1095,2015-07-01,3.0,Malawi,Southern,Blantyre
1065,2015-07-01,2.0,Malawi,Southern,Blantyre City
1096,2015-07-01,3.0,Malawi,Southern,Chikwawa
1067,2015-07-01,2.0,Malawi,Southern,Chiradzulu
1036,2015-07-01,1.0,Malawi,Northern,Chitipa
1069,2015-07-01,2.0,Malawi,Central,Dedza
1070,2015-07-01,2.0,Malawi,Central,Dowa
1039,2015-07-01,1.0,Malawi,Northern,Karonga
1072,2015-07-01,2.0,Malawi,Central,Kasungu
1073,2015-07-01,2.0,Malawi,Central,Lilongwe
1043,2015-07-01,1.0,Malawi,Central,Lilongwe City
1099,2015-07-01,3.0,Malawi,Southern,Machinga
1076,2015-07-01,2.0,Malawi,Southern,Mangochi
1077,2015-07-01,2.0,Malawi,Central,Mchinji
1101,2015-07-01,3.0,Malawi,Southern,Mulanje
1048,2015-07-01,1.0,Malawi,Southern,Mwanza
1080,2015-07-01,2.0,Malawi,Northern,Mzimba
1081,2015-07-01,2.0,Malawi,Northern,Mzuzu City
1082,2015-07-01,2.0,Malawi,Southern,Neno
1052,2015-07-01,1.0,Malawi,Northern,Nkhata Bay
1053,2015-07-01,1.0,Malawi,Central,Nkhotakota
1104,2015-07-01,3.0,Malawi,Southern,Nsanje
1086,2015-07-01,2.0,Malawi,Central,Ntcheu
1056,2015-07-01,1.0,Malawi,Central,Ntchisi
1106,2015-07-01,3.0,Malawi,Southern,Phalombe
1058,2015-07-01,1.0,Malawi,Northern,Rumphi
1090,2015-07-01,2.0,Malawi,Central,Salima
1091,2015-07-01,2.0,Malawi,Southern,Thyolo
1108,2015-07-01,3.0,Malawi,Southern,Zomba
1062,2015-07-01,1.0,Malawi,Southern,Zomba City
1041,2015-07-01,1.0,Malawi,Northern,Likoma
1133,2015-10-01,3.0,Malawi,Southern,Balaka
1134,2015-10-01,3.0,Malawi,Southern,Blantyre
1112,2015-10-01,2.0,Malawi,Southern,Blantyre City
1135,2015-10-01,3.0,Malawi,Southern,Chikwawa
1114,2015-10-01,2.0,Malawi,Southern,Chiradzulu
2188,2015-10-01,1.0,Malawi,Northern,Chitipa
1115,2015-10-01,2.0,Malawi,Central,Dedza
1139,2015-10-01,3.0,Malawi,Central,Dowa
2191,2015-10-01,1.0,Malawi,Northern,Karonga
1141,2015-10-01,3.0,Malawi,Central,Kasungu
1118,2015-10-01,2.0,Malawi,Central,Lilongwe
2195,2015-10-01,1.0,Malawi,Central,Lilongwe City
1144,2015-10-01,3.0,Malawi,Southern,Machinga
1145,2015-10-01,3.0,Malawi,Southern,Mangochi
1146,2015-10-01,3.0,Malawi,Central,Mchinji
1147,2015-10-01,3.0,Malawi,Southern,Mulanje
1124,2015-10-01,2.0,Malawi,Southern,Mwanza
1149,2015-10-01,3.0,Malawi,Northern,Mzimba
1150,2015-10-01,3.0,Malawi,Northern,Mzuzu City
1151,2015-10-01,3.0,Malawi,Southern,Neno
2204,2015-10-01,1.0,Malawi,Northern,Nkhata Bay
2205,2015-10-01,1.0,Malawi,Central,Nkhotakota
1154,2015-10-01,3.0,Malawi,Southern,Nsanje
1155,2015-10-01,3.0,Malawi,Central,Ntcheu
1128,2015-10-01,2.0,Malawi,Central,Ntchisi
1157,2015-10-01,3.0,Malawi,Southern,Phalombe
2209,2015-10-01,1.0,Malawi,Northern,Rumphi
1159,2015-10-01,3.0,Malawi,Central,Salima
1160,2015-10-01,3.0,Malawi,Southern,Thyolo
1131,2015-10-01,2.0,Malawi,Southern,Zomba
1132,2015-10-01,2.0,Malawi,Southern,Zomba City
2193,2015-10-01,1.0,Malawi,Northern,Likoma
1163,2016-02-01,1.0,Malawi,Southern,Balaka
1164,2016-02-01,1.0,Malawi,Southern,Blantyre
1165,2016-02-01,1.0,Malawi,Southern,Blantyre City
1197,2016-02-01,2.0,Malawi,Southern,Chikwawa
1167,2016-02-01,1.0,Malawi,Southern,Chiradzulu
1168,2016-02-01,1.0,Malawi,Northern,Chitipa
1199,2016-02-01,2.0,Malawi,Central,Dedza
1170,2016-02-01,1.0,Malawi,Central,Dowa
1171,2016-02-01,1.0,Malawi,Northern,Karonga
1172,2016-02-01,1.0,Malawi,Central,Kasungu
1174,2016-02-01,1.0,Malawi,Central,Lilongwe
1175,2016-02-01,1.0,Malawi,Central,Lilongwe City
1201,2016-02-01,2.0,Malawi,Southern,Machinga
1177,2016-02-01,1.0,Malawi,Southern,Mangochi
1178,2016-02-01,1.0,Malawi,Central,Mchinji
1203,2016-02-01,2.0,Malawi,Southern,Mulanje
1180,2016-02-01,1.0,Malawi,Southern,Mwanza
1181,2016-02-01,1.0,Malawi,Northern,Mzimba
1182,2016-02-01,1.0,Malawi,Northern,Mzuzu City
1183,2016-02-01,1.0,Malawi,Southern,Neno
1184,2016-02-01,1.0,Malawi,Northern,Nkhata Bay
1185,2016-02-01,1.0,Malawi,Central,Nkhotakota
1206,2016-02-01,2.0,Malawi,Southern,Nsanje
1207,2016-02-01,2.0,Malawi,Central,Ntcheu
1188,2016-02-01,1.0,Malawi,Central,Ntchisi
1208,2016-02-01,2.0,Malawi,Southern,Phalombe
1190,2016-02-01,1.0,Malawi,Northern,Rumphi
1191,2016-02-01,1.0,Malawi,Central,Salima
1192,2016-02-01,1.0,Malawi,Southern,Thyolo
1193,2016-02-01,1.0,Malawi,Southern,Zomba
1194,2016-02-01,1.0,Malawi,Southern,Zomba City
1173,2016-02-01,1.0,Malawi,Northern,Likoma
1213,2016-06-01,3.0,Malawi,Southern,Balaka
1214,2016-06-01,3.0,Malawi,Southern,Blantyre
1215,2016-06-01,3.0,Malawi,Southern,Blantyre City
1216,2016-06-01,3.0,Malawi,Southern,Chikwawa
1217,2016-06-01,3.0,Malawi,Southern,Chiradzulu
2674,2016-06-01,1.0,Malawi,Northern,Chitipa
1218,2016-06-01,3.0,Malawi,Central,Dedza
1219,2016-06-01,3.0,Malawi,Central,Dowa
2677,2016-06-01,1.0,Malawi,Northern,Karonga
1220,2016-06-01,3.0,Malawi,Central,Kasungu
1221,2016-06-01,3.0,Malawi,Central,Lilongwe
1222,2016-06-01,3.0,Malawi,Central,Lilongwe City
1223,2016-06-01,3.0,Malawi,Southern,Machinga
1224,2016-06-01,3.0,Malawi,Southern,Mangochi
1225,2016-06-01,3.0,Malawi,Central,Mchinji
1226,2016-06-01,3.0,Malawi,Southern,Mulanje
1227,2016-06-01,3.0,Malawi,Southern,Mwanza
2684,2016-06-01,1.0,Malawi,Northern,Mzimba
2685,2016-06-01,1.0,Malawi,Northern,Mzuzu City
1229,2016-06-01,3.0,Malawi,Southern,Neno
2687,2016-06-01,1.0,Malawi,Northern,Nkhata Bay
2688,2016-06-01,1.0,Malawi,Central,Nkhotakota
1231,2016-06-01,3.0,Malawi,Southern,Nsanje
1232,2016-06-01,3.0,Malawi,Central,Ntcheu
2690,2016-06-01,1.0,Malawi,Central,Ntchisi
1234,2016-06-01,3.0,Malawi,Southern,Phalombe
2691,2016-06-01,1.0,Malawi,Northern,Rumphi
1235,2016-06-01,3.0,Malawi,Central,Salima
1236,2016-06-01,3.0,Malawi,Southern,Thyolo
1237,2016-06-01,3.0,Malawi,Southern,Zomba
1238,2016-06-01,3.0,Malawi,Southern,Zomba City
2234,2016-06-01,,Malawi,Northern,Likoma
1265,2016-10-01,4.0,Malawi,Southern,Balaka
1266,2016-10-01,4.0,Malawi,Southern,Blantyre
1267,2016-10-01,4.0,Malawi,Southern,Blantyre City
1268,2016-10-01,4.0,Malawi,Southern,Chikwawa
1243,2016-10-01,3.0,Malawi,Southern,Chiradzulu
2699,2016-10-01,1.0,Malawi,Northern,Chitipa
1244,2016-10-01,3.0,Malawi,Central,Dedza
1245,2016-10-01,3.0,Malawi,Central,Dowa
2700,2016-10-01,1.0,Malawi,Northern,Karonga
1246,2016-10-01,3.0,Malawi,Central,Kasungu
1247,2016-10-01,3.0,Malawi,Central,Lilongwe
1248,2016-10-01,3.0,Malawi,Central,Lilongwe City
1249,2016-10-01,3.0,Malawi,Southern,Machinga
1250,2016-10-01,3.0,Malawi,Southern,Mangochi
1251,2016-10-01,3.0,Malawi,Central,Mchinji
1252,2016-10-01,3.0,Malawi,Southern,Mulanje
1253,2016-10-01,3.0,Malawi,Southern,Mwanza
2703,2016-10-01,1.0,Malawi,Northern,Mzimba
2704,2016-10-01,1.0,Malawi,Northern,Mzuzu City
1255,2016-10-01,3.0,Malawi,Southern,Neno
2705,2016-10-01,1.0,Malawi,Northern,Nkhata Bay
2706,2016-10-01,1.0,Malawi,Central,Nkhotakota
1273,2016-10-01,4.0,Malawi,Southern,Nsanje
1258,2016-10-01,3.0,Malawi,Central,Ntcheu
2784,2016-10-01,2.0,Malawi,Central,Ntchisi
1260,2016-10-01,3.0,Malawi,Southern,Phalombe
2708,2016-10-01,1.0,Malawi,Northern,Rumphi
1261,2016-10-01,3.0,Malawi,Central,Salima
1262,2016-10-01,3.0,Malawi,Southern,Thyolo
1263,2016-10-01,3.0,Malawi,Southern,Zomba
1264,2016-10-01,3.0,Malawi,Southern,Zomba City
2702,2016-10-01,1.0,Malawi,Northern,Likoma
1305,2017-06-01,1.0,Malawi,Southern,Balaka
1306,2017-06-01,1.0,Malawi,Southern,Blantyre
1307,2017-06-01,1.0,Malawi,Southern,Blantyre City
1308,2017-06-01,1.0,Malawi,Southern,Chikwawa
1309,2017-06-01,1.0,Malawi,Southern,Chiradzulu
1310,2017-06-01,1.0,Malawi,Northern,Chitipa
1311,2017-06-01,1.0,Malawi,Central,Dedza
1312,2017-06-01,1.0,Malawi,Central,Dowa
2574,2017-06-01,3.0,Malawi,Northern,Karonga
1314,2017-06-01,1.0,Malawi,Central,Kasungu
1316,2017-06-01,1.0,Malawi,Central,Lilongwe
1317,2017-06-01,1.0,Malawi,Central,Lilongwe City
1318,2017-06-01,1.0,Malawi,Southern,Machinga
1319,2017-06-01,1.0,Malawi,Southern,Mangochi
1320,2017-06-01,1.0,Malawi,Central,Mchinji
1321,2017-06-01,1.0,Malawi,Southern,Mulanje
1322,2017-06-01,1.0,Malawi,Southern,Mwanza
1323,2017-06-01,1.0,Malawi,Northern,Mzimba
1324,2017-06-01,1.0,Malawi,Northern,Mzuzu City
1325,2017-06-01,1.0,Malawi,Southern,Neno
1326,2017-06-01,1.0,Malawi,Northern,Nkhata Bay
1327,2017-06-01,1.0,Malawi,Central,Nkhotakota
2575,2017-06-01,3.0,Malawi,Southern,Nsanje
1329,2017-06-01,1.0,Malawi,Central,Ntcheu
1330,2017-06-01,1.0,Malawi,Central,Ntchisi
1331,2017-06-01,1.0,Malawi,Southern,Phalombe
1332,2017-06-01,1.0,Malawi,Northern,Rumphi
1333,2017-06-01,1.0,Malawi,Central,Salima
1334,2017-06-01,1.0,Malawi,Southern,Thyolo
1335,2017-06-01,1.0,Malawi,Southern,Zomba
1336,2017-06-01,1.0,Malawi,Southern,Zomba City
1315,2017-06-01,1.0,Malawi,Northern,Likoma
1397,2017-10-01,3.0,Malawi,Southern,Balaka
1366,2017-10-01,1.0,Malawi,Southern,Blantyre
1367,2017-10-01,1.0,Malawi,Southern,Blantyre City
1399,2017-10-01,3.0,Malawi,Southern,Chikwawa
1369,2017-10-01,1.0,Malawi,Southern,Chiradzulu
1370,2017-10-01,1.0,Malawi,Northern,Chitipa
1371,2017-10-01,1.0,Malawi,Central,Dedza
1372,2017-10-01,1.0,Malawi,Central,Dowa
1373,2017-10-01,1.0,Malawi,Northern,Karonga
1374,2017-10-01,1.0,Malawi,Central,Kasungu
1376,2017-10-01,1.0,Malawi,Central,Lilongwe
1377,2017-10-01,1.0,Malawi,Central,Lilongwe City
1378,2017-10-01,1.0,Malawi,Southern,Machinga
1379,2017-10-01,1.0,Malawi,Southern,Mangochi
1380,2017-10-01,1.0,Malawi,Central,Mchinji
1381,2017-10-01,1.0,Malawi,Southern,Mulanje
1382,2017-10-01,1.0,Malawi,Southern,Mwanza
1383,2017-10-01,1.0,Malawi,Northern,Mzimba
1384,2017-10-01,1.0,Malawi,Northern,Mzuzu City
1385,2017-10-01,1.0,Malawi,Southern,Neno
1386,2017-10-01,1.0,Malawi,Northern,Nkhata Bay
1387,2017-10-01,1.0,Malawi,Central,Nkhotakota
1404,2017-10-01,3.0,Malawi,Southern,Nsanje
1389,2017-10-01,1.0,Malawi,Central,Ntcheu
1390,2017-10-01,1.0,Malawi,Central,Ntchisi
2279,2017-10-01,2.0,Malawi,Southern,Phalombe
1392,2017-10-01,1.0,Malawi,Northern,Rumphi
1393,2017-10-01,1.0,Malawi,Central,Salima
2280,2017-10-01,2.0,Malawi,Southern,Thyolo
1395,2017-10-01,1.0,Malawi,Southern,Zomba
1396,2017-10-01,1.0,Malawi,Southern,Zomba City
1375,2017-10-01,1.0,Malawi,Northern,Likoma
1468,2018-02-01,2.0,Malawi,Southern,Balaka
1469,2018-02-01,2.0,Malawi,Southern,Blantyre
1438,2018-02-01,1.0,Malawi,Southern,Blantyre City
1439,2018-02-01,1.0,Malawi,Southern,Chikwawa
1440,2018-02-01,1.0,Malawi,Southern,Chiradzulu
1441,2018-02-01,1.0,Malawi,Northern,Chitipa
1442,2018-02-01,1.0,Malawi,Central,Dedza
1443,2018-02-01,1.0,Malawi,Central,Dowa
1444,2018-02-01,1.0,Malawi,Northern,Karonga
1445,2018-02-01,1.0,Malawi,Central,Kasungu
1447,2018-02-01,1.0,Malawi,Central,Lilongwe
1448,2018-02-01,1.0,Malawi,Central,Lilongwe City
1449,2018-02-01,1.0,Malawi,Southern,Machinga
1450,2018-02-01,1.0,Malawi,Southern,Mangochi
1451,2018-02-01,1.0,Malawi,Central,Mchinji
1452,2018-02-01,1.0,Malawi,Southern,Mulanje
1453,2018-02-01,1.0,Malawi,Southern,Mwanza
1454,2018-02-01,1.0,Malawi,Northern,Mzimba
1455,2018-02-01,1.0,Malawi,Northern,Mzuzu City
1456,2018-02-01,1.0,Malawi,Southern,Neno
1457,2018-02-01,1.0,Malawi,Northern,Nkhata Bay
1458,2018-02-01,1.0,Malawi,Central,Nkhotakota
1480,2018-02-01,2.0,Malawi,Southern,Nsanje
1460,2018-02-01,1.0,Malawi,Central,Ntcheu
1461,2018-02-01,1.0,Malawi,Central,Ntchisi
1462,2018-02-01,1.0,Malawi,Southern,Phalombe
1463,2018-02-01,1.0,Malawi,Northern,Rumphi
1483,2018-02-01,2.0,Malawi,Central,Salima
1465,2018-02-01,1.0,Malawi,Southern,Thyolo
1466,2018-02-01,1.0,Malawi,Southern,Zomba
1467,2018-02-01,1.0,Malawi,Southern,Zomba City
1446,2018-02-01,1.0,Malawi,Northern,Likoma
1546,2018-06-01,2.0,Malawi,Southern,Balaka
1547,2018-06-01,2.0,Malawi,Southern,Blantyre
1516,2018-06-01,1.0,Malawi,Southern,Blantyre City
1517,2018-06-01,1.0,Malawi,Southern,Chikwawa
1518,2018-06-01,1.0,Malawi,Southern,Chiradzulu
1519,2018-06-01,1.0,Malawi,Northern,Chitipa
1520,2018-06-01,1.0,Malawi,Central,Dedza
1521,2018-06-01,1.0,Malawi,Central,Dowa
1522,2018-06-01,1.0,Malawi,Northern,Karonga
1523,2018-06-01,1.0,Malawi,Central,Kasungu
1525,2018-06-01,1.0,Malawi,Central,Lilongwe
1526,2018-06-01,1.0,Malawi,Central,Lilongwe City
1527,2018-06-01,1.0,Malawi,Southern,Machinga
1528,2018-06-01,1.0,Malawi,Southern,Mangochi
1529,2018-06-01,1.0,Malawi,Central,Mchinji
1553,2018-06-01,2.0,Malawi,Southern,Mulanje
1531,2018-06-01,1.0,Malawi,Southern,Mwanza
1532,2018-06-01,1.0,Malawi,Northern,Mzimba
1533,2018-06-01,1.0,Malawi,Northern,Mzuzu City
1534,2018-06-01,1.0,Malawi,Southern,Neno
1535,2018-06-01,1.0,Malawi,Northern,Nkhata Bay
1536,2018-06-01,1.0,Malawi,Central,Nkhotakota
1557,2018-06-01,2.0,Malawi,Southern,Nsanje
1538,2018-06-01,1.0,Malawi,Central,Ntcheu
1539,2018-06-01,1.0,Malawi,Central,Ntchisi
1559,2018-06-01,2.0,Malawi,Southern,Phalombe
1541,2018-06-01,1.0,Malawi,Northern,Rumphi
1542,2018-06-01,1.0,Malawi,Central,Salima
1543,2018-06-01,1.0,Malawi,Southern,Thyolo
1562,2018-06-01,2.0,Malawi,Southern,Zomba
1545,2018-06-01,1.0,Malawi,Southern,Zomba City
1524,2018-06-01,1.0,Malawi,Northern,Likoma
1592,2018-10-01,,Malawi,Southern,Balaka
1593,2018-10-01,,Malawi,Southern,Blantyre
1594,2018-10-01,,Malawi,Southern,Blantyre City
1595,2018-10-01,,Malawi,Southern,Chikwawa
1596,2018-10-01,,Malawi,Southern,Chiradzulu
1597,2018-10-01,,Malawi,Northern,Chitipa
1598,2018-10-01,,Malawi,Central,Dedza
1599,2018-10-01,,Malawi,Central,Dowa
1600,2018-10-01,,Malawi,Northern,Karonga
1601,2018-10-01,,Malawi,Central,Kasungu
1603,2018-10-01,,Malawi,Central,Lilongwe
1604,2018-10-01,,Malawi,Central,Lilongwe City
1605,2018-10-01,,Malawi,Southern,Machinga
1606,2018-10-01,,Malawi,Southern,Mangochi
1607,2018-10-01,,Malawi,Central,Mchinji
1608,2018-10-01,,Malawi,Southern,Mulanje
1609,2018-10-01,,Malawi,Southern,Mwanza
1610,2018-10-01,,Malawi,Northern,Mzimba
1611,2018-10-01,,Malawi,Northern,Mzuzu City
1612,2018-10-01,,Malawi,Southern,Neno
1613,2018-10-01,,Malawi,Northern,Nkhata Bay
1614,2018-10-01,,Malawi,Central,Nkhotakota
1615,2018-10-01,,Malawi,Southern,Nsanje
1616,2018-10-01,,Malawi,Central,Ntcheu
1617,2018-10-01,,Malawi,Central,Ntchisi
1618,2018-10-01,,Malawi,Southern,Phalombe
1619,2018-10-01,,Malawi,Northern,Rumphi
1620,2018-10-01,,Malawi,Central,Salima
1621,2018-10-01,,Malawi,Southern,Thyolo
1622,2018-10-01,,Malawi,Southern,Zomba
1623,2018-10-01,,Malawi,Southern,Zomba City
1602,2018-10-01,,Malawi,Northern,Likoma
1651,2018-12-01,2.0,Malawi,Southern,Balaka
1652,2018-12-01,2.0,Malawi,Southern,Blantyre
1626,2018-12-01,1.0,Malawi,Southern,Blantyre City
1653,2018-12-01,2.0,Malawi,Southern,Chikwawa
1628,2018-12-01,1.0,Malawi,Southern,Chiradzulu
2582,2018-12-01,1.0,Malawi,Northern,Chitipa
1629,2018-12-01,1.0,Malawi,Central,Dedza
1630,2018-12-01,1.0,Malawi,Central,Dowa
2711,2018-12-01,2.0,Malawi,Northern,Karonga
1631,2018-12-01,1.0,Malawi,Central,Kasungu
1632,2018-12-01,1.0,Malawi,Central,Lilongwe
1633,2018-12-01,1.0,Malawi,Central,Lilongwe City
1658,2018-12-01,2.0,Malawi,Southern,Machinga
1659,2018-12-01,2.0,Malawi,Southern,Mangochi
1636,2018-12-01,1.0,Malawi,Central,Mchinji
1660,2018-12-01,2.0,Malawi,Southern,Mulanje
2591,2018-12-01,1.0,Malawi,Southern,Mwanza
1638,2018-12-01,1.0,Malawi,Northern,Mzimba
1639,2018-12-01,1.0,Malawi,Northern,Mzuzu City
1662,2018-12-01,2.0,Malawi,Southern,Neno
2595,2018-12-01,1.0,Malawi,Northern,Nkhata Bay
1642,2018-12-01,1.0,Malawi,Central,Nkhotakota
1664,2018-12-01,2.0,Malawi,Southern,Nsanje
1644,2018-12-01,1.0,Malawi,Central,Ntcheu
1645,2018-12-01,1.0,Malawi,Central,Ntchisi
1667,2018-12-01,2.0,Malawi,Southern,Phalombe
2600,2018-12-01,1.0,Malawi,Northern,Rumphi
1668,2018-12-01,2.0,Malawi,Central,Salima
1648,2018-12-01,1.0,Malawi,Southern,Thyolo
1670,2018-12-01,2.0,Malawi,Southern,Zomba
1650,2018-12-01,1.0,Malawi,Southern,Zomba City
2585,2018-12-01,1.0,Malawi,Northern,Likoma
1700,2019-02-01,1.0,Malawi,Southern,Balaka
1701,2019-02-01,1.0,Malawi,Southern,Blantyre
1702,2019-02-01,1.0,Malawi,Southern,Blantyre City
1703,2019-02-01,1.0,Malawi,Southern,Chikwawa
1704,2019-02-01,1.0,Malawi,Southern,Chiradzulu
1705,2019-02-01,1.0,Malawi,Northern,Chitipa
1706,2019-02-01,1.0,Malawi,Central,Dedza
1707,2019-02-01,1.0,Malawi,Central,Dowa
1708,2019-02-01,1.0,Malawi,Northern,Karonga
1709,2019-02-01,1.0,Malawi,Central,Kasungu
1711,2019-02-01,1.0,Malawi,Central,Lilongwe
1712,2019-02-01,1.0,Malawi,Central,Lilongwe City
1713,2019-02-01,1.0,Malawi,Southern,Machinga
1714,2019-02-01,1.0,Malawi,Southern,Mangochi
1715,2019-02-01,1.0,Malawi,Central,Mchinji
1716,2019-02-01,1.0,Malawi,Southern,Mulanje
1717,2019-02-01,1.0,Malawi,Southern,Mwanza
1718,2019-02-01,1.0,Malawi,Northern,Mzimba
1719,2019-02-01,1.0,Malawi,Northern,Mzuzu City
1720,2019-02-01,1.0,Malawi,Southern,Neno
1721,2019-02-01,1.0,Malawi,Northern,Nkhata Bay
1722,2019-02-01,1.0,Malawi,Central,Nkhotakota
1723,2019-02-01,1.0,Malawi,Southern,Nsanje
1724,2019-02-01,1.0,Malawi,Central,Ntcheu
1725,2019-02-01,1.0,Malawi,Central,Ntchisi
1726,2019-02-01,1.0,Malawi,Southern,Phalombe
1727,2019-02-01,1.0,Malawi,Northern,Rumphi
1728,2019-02-01,1.0,Malawi,Central,Salima
1729,2019-02-01,1.0,Malawi,Southern,Thyolo
1730,2019-02-01,1.0,Malawi,Southern,Zomba
1731,2019-02-01,1.0,Malawi,Southern,Zomba City
1710,2019-02-01,1.0,Malawi,Northern,Likoma
1792,2019-06-01,3.0,Malawi,Southern,Balaka
1793,2019-06-01,3.0,Malawi,Southern,Blantyre
1762,2019-06-01,1.0,Malawi,Southern,Blantyre City
1794,2019-06-01,3.0,Malawi,Southern,Chikwawa
1764,2019-06-01,1.0,Malawi,Southern,Chiradzulu
1765,2019-06-01,1.0,Malawi,Northern,Chitipa
1766,2019-06-01,1.0,Malawi,Central,Dedza
1767,2019-06-01,1.0,Malawi,Central,Dowa
1797,2019-06-01,3.0,Malawi,Northern,Karonga
1769,2019-06-01,1.0,Malawi,Central,Kasungu
1771,2019-06-01,1.0,Malawi,Central,Lilongwe
1772,2019-06-01,1.0,Malawi,Central,Lilongwe City
1798,2019-06-01,3.0,Malawi,Southern,Machinga
1774,2019-06-01,1.0,Malawi,Southern,Mangochi
1775,2019-06-01,1.0,Malawi,Central,Mchinji
1776,2019-06-01,1.0,Malawi,Southern,Mulanje
1777,2019-06-01,1.0,Malawi,Southern,Mwanza
1778,2019-06-01,1.0,Malawi,Northern,Mzimba
1779,2019-06-01,1.0,Malawi,Northern,Mzuzu City
1780,2019-06-01,1.0,Malawi,Southern,Neno
1781,2019-06-01,1.0,Malawi,Northern,Nkhata Bay
1782,2019-06-01,1.0,Malawi,Central,Nkhotakota
1803,2019-06-01,3.0,Malawi,Southern,Nsanje
1784,2019-06-01,1.0,Malawi,Central,Ntcheu
1785,2019-06-01,1.0,Malawi,Central,Ntchisi
1805,2019-06-01,3.0,Malawi,Southern,Phalombe
1787,2019-06-01,1.0,Malawi,Northern,Rumphi
1788,2019-06-01,1.0,Malawi,Central,Salima
1789,2019-06-01,1.0,Malawi,Southern,Thyolo
1808,2019-06-01,3.0,Malawi,Southern,Zomba
1791,2019-06-01,1.0,Malawi,Southern,Zomba City
1770,2019-06-01,1.0,Malawi,Northern,Likoma
1870,2019-10-01,3.0,Malawi,Southern,Balaka
1871,2019-10-01,3.0,Malawi,Southern,Blantyre
1840,2019-10-01,1.0,Malawi,Southern,Blantyre City
1872,2019-10-01,3.0,Malawi,Southern,Chikwawa
1842,2019-10-01,1.0,Malawi,Southern,Chiradzulu
1843,2019-10-01,1.0,Malawi,Northern,Chitipa
1844,2019-10-01,1.0,Malawi,Central,Dedza
1845,2019-10-01,1.0,Malawi,Central,Dowa
1875,2019-10-01,3.0,Malawi,Northern,Karonga
1847,2019-10-01,1.0,Malawi,Central,Kasungu
1849,2019-10-01,1.0,Malawi,Central,Lilongwe
1850,2019-10-01,1.0,Malawi,Central,Lilongwe City
1876,2019-10-01,3.0,Malawi,Southern,Machinga
1852,2019-10-01,1.0,Malawi,Southern,Mangochi
1853,2019-10-01,1.0,Malawi,Central,Mchinji
1854,2019-10-01,1.0,Malawi,Southern,Mulanje
1855,2019-10-01,1.0,Malawi,Southern,Mwanza
1856,2019-10-01,1.0,Malawi,Northern,Mzimba
1857,2019-10-01,1.0,Malawi,Northern,Mzuzu City
1858,2019-10-01,1.0,Malawi,Southern,Neno
1859,2019-10-01,1.0,Malawi,Northern,Nkhata Bay
1860,2019-10-01,1.0,Malawi,Central,Nkhotakota
1881,2019-10-01,3.0,Malawi,Southern,Nsanje
1862,2019-10-01,1.0,Malawi,Central,Ntcheu
1863,2019-10-01,1.0,Malawi,Central,Ntchisi
1883,2019-10-01,3.0,Malawi,Southern,Phalombe
1865,2019-10-01,1.0,Malawi,Northern,Rumphi
1866,2019-10-01,1.0,Malawi,Central,Salima
1867,2019-10-01,1.0,Malawi,Southern,Thyolo
1886,2019-10-01,3.0,Malawi,Southern,Zomba
1869,2019-10-01,1.0,Malawi,Southern,Zomba City
1848,2019-10-01,1.0,Malawi,Northern,Likoma
